{"last_download_success": 1715433132.1729279, "unseen_downloads": ["/home/amro/.config/variety/Downloaded/Unsplash/photo-1697182711822-c1b620288a2c.jpg", "/home/amro/.config/variety/Downloaded/Unsplash/photo-1712797229262-f20f799b0639.jpg", "/home/amro/.config/variety/Downloaded/Unsplash/photo-1715276611440-6c0e90aa132b.jpg", "/home/amro/.config/variety/Downloaded/Unsplash/photo-1713106984237-93479737af5a.jpg", "/home/amro/.config/variety/Downloaded/Unsplash/photo-1713877561507-881bf3b1c310.jpg", "/home/amro/.config/variety/Downloaded/Unsplash/photo-1714745455353-f47a2e2b5647.jpg", "/home/amro/.config/variety/Downloaded/Unsplash/photo-1714165860726-c719539f914c.jpg", "/home/amro/.config/variety/Downloaded/Unsplash/photo-1712403235961-3d0a14d8e33b.jpg", "/home/amro/.config/variety/Downloaded/Unsplash/photo-1714252562758-a30752d9d098.jpg", "/home/amro/.config/variety/Downloaded/Unsplash/photo-1713783508683-8ee05bca0521.jpg"], "last_download_failure": 1715433133.1738355}