{"last_download_success": 1713611740.8616314, "unseen_downloads": [], "last_download_failure": 1715433002.8398154}